feature,readable_name,feature_value,shap_value
5.71_is_hydro,BW 5.71 (hydrophobic),1.0,0.05245181513097352
34.53_is_arom,BW 34.53 (aromatic),0.0,0.026471952039993484
5.71_is_pos,BW 5.71 (positive),0.0,0.015336498564258776
34.51_is_hydro,BW 34.51 (hydrophobic),1.0,0.01495495019575497
5.71_is_gap,BW 5.71 (gap),0.0,0.014835006166777477
34.55_is_pos,BW 34.55 (positive),0.0,0.014138330958592342
3.56_is_pos,BW 3.56 (positive),1.0,0.013658535759180638
3.53_is_hydro,BW 3.53 (hydrophobic),1.0,0.012149942066300337
5.68_is_hydro,BW 5.68 (hydrophobic),0.0,0.011491176886549643
34.52_is_hydro,BW 34.52 (hydrophobic),1.0,0.010896286215298624
5.69_is_hydro,BW 5.69 (hydrophobic),0.0,0.00985712426714522
5.69_is_gap,BW 5.69 (gap),0.0,0.00943734574515982
34.57_is_hydro,BW 34.57 (hydrophobic),1.0,0.00880461510624741
34.57_is_pos,BW 34.57 (positive),0.0,0.00855466667718269
8.48_is_neg,BW 8.48 (negative),0.0,0.007901899282147205
8.47_is_pos,BW 8.47 (positive),1.0,0.0072733850891773125
8.49_is_neg,BW 8.49 (negative),0.0,0.007124895589793581
3.53_is_pos,BW 3.53 (positive),0.0,0.006923791483466453
8.49_is_pos,BW 8.49 (positive),1.0,0.005448855120015533
6.36_is_hydro,BW 6.36 (hydrophobic),1.0,0.005057578832731193
34.50_is_gap,BW 34.50 (gap),0.0,0.004691210245124339
34.50_is_hydro,BW 34.50 (hydrophobic),1.0,0.004039375166674181
5.68_is_pos,BW 5.68 (positive),0.0,0.003094483095777769
34.56_is_pos,BW 34.56 (positive),0.0,0.003067695826426987
34.52_is_arom,BW 34.52 (aromatic),0.0,0.002662104470337652
34.53_is_gap,BW 34.53 (gap),0.0,0.0026258304889985344
34.51_is_arom,BW 34.51 (aromatic),0.0,0.0025520222267899164
3.55_is_hydro,BW 3.55 (hydrophobic),0.0,0.0023297847220212823
34.57_is_gap,BW 34.57 (gap),0.0,0.0023114548771597564
34.51_is_gap,BW 34.51 (gap),0.0,0.002284220395311085
3.50_is_pos,BW 3.50 (positive),1.0,0.0022629524150875853
6.36_is_pos,BW 6.36 (positive),0.0,0.0022131211225773057
3.51_is_hydro,BW 3.51 (hydrophobic),0.0,0.0019539065007926873
5.67_is_pos,BW 5.67 (positive),0.0,0.0019163935766441814
34.52_is_gap,BW 34.52 (gap),0.0,0.0018707726656320852
6.37_is_pos,BW 6.37 (positive),0.0,0.001290287998105958
34.55_is_neg,BW 34.55 (negative),0.0,0.0012662406708770042
5.64_is_arom,BW 5.64 (aromatic),0.0,0.0011861465872121941
8.47_is_neg,BW 8.47 (negative),0.0,0.0011624140016598247
3.53_is_arom,BW 3.53 (aromatic),0.0,0.0010617448468004638
6.36_is_arom,BW 6.36 (aromatic),0.0,0.001040041008572483
3.56_is_neg,BW 3.56 (negative),0.0,0.001026654291455787
5.67_is_gap,BW 5.67 (gap),0.0,0.0009758078830885474
5.67_is_hydro,BW 5.67 (hydrophobic),0.0,0.0009080842024982057
34.51_is_pos,BW 34.51 (positive),0.0,0.0007419608440290176
6.33_is_arom,BW 6.33 (aromatic),0.0,0.0006926337528095851
5.65_is_gap,BW 5.65 (gap),0.0,0.0006605277603333145
3.50_is_neg,BW 3.50 (negative),0.0,0.0006556174989866374
34.52_is_neg,BW 34.52 (negative),0.0,0.0004512580164850806
3.55_is_arom,BW 3.55 (aromatic),0.0,0.0004506184999232884
5.69_is_pos,BW 5.69 (positive),0.0,0.00039110325619940307
34.57_is_arom,BW 34.57 (aromatic),0.0,0.0002852001730718574
5.69_is_arom,BW 5.69 (aromatic),0.0,0.00026275277138977486
6.32_is_hydro,BW 6.32 (hydrophobic),0.0,0.0002492698852175752
6.37_is_arom,BW 6.37 (aromatic),0.0,0.00024901279588423146
34.50_is_pos,BW 34.50 (positive),0.0,0.0002482977645666928
5.64_is_gap,BW 5.64 (gap),0.0,0.0002436435215514867
8.47_is_hydro,BW 8.47 (hydrophobic),0.0,0.0002413777474456932
8.48_is_arom,BW 8.48 (aromatic),0.0,0.00017895610069104648
6.33_is_neg,BW 6.33 (negative),0.0,0.0001633716989932338
34.53_is_neg,BW 34.53 (negative),0.0,0.0001427739166685486
34.54_is_pos,BW 34.54 (positive),0.0,0.00011524011840980123
6.33_is_pos,BW 6.33 (positive),0.0,0.00010960908327632992
8.49_is_arom,BW 8.49 (aromatic),0.0,8.462403212388823e-05
6.32_is_neg,BW 6.32 (negative),0.0,8.301366511934294e-05
6.33_is_gap,BW 6.33 (gap),0.0,6.63503063256618e-05
6.32_is_gap,BW 6.32 (gap),0.0,6.526632048819271e-05
5.61_is_pos,BW 5.61 (positive),0.0,2.7810365992930417e-05
3.53_is_neg,BW 3.53 (negative),0.0,0.0
34.51_is_neg,BW 34.51 (negative),0.0,0.0
3.51_is_neg,BW 3.51 (negative),0.0,0.0
3.50_is_arom,BW 3.50 (aromatic),0.0,0.0
5.65_is_neg,BW 5.65 (negative),0.0,0.0
34.56_is_neg,BW 34.56 (negative),0.0,0.0
3.54_is_gap,BW 3.54 (gap),0.0,0.0
34.50_is_neg,BW 34.50 (negative),0.0,0.0
3.54_is_pos,BW 3.54 (positive),0.0,0.0
3.50_is_gap,BW 3.50 (gap),0.0,0.0
3.53_is_gap,BW 3.53 (gap),0.0,0.0
3.50_is_hydro,BW 3.50 (hydrophobic),0.0,0.0
3.56_is_gap,BW 3.56 (gap),0.0,0.0
3.54_is_neg,BW 3.54 (negative),0.0,0.0
3.55_is_neg,BW 3.55 (negative),0.0,0.0
5.65_is_arom,BW 5.65 (aromatic),0.0,0.0
6.36_is_gap,BW 6.36 (gap),0.0,0.0
8.47_is_arom,BW 8.47 (aromatic),0.0,0.0
3.54_is_arom,BW 3.54 (aromatic),0.0,0.0
6.37_is_neg,BW 6.37 (negative),0.0,0.0
5.61_is_neg,BW 5.61 (negative),0.0,0.0
6.36_is_neg,BW 6.36 (negative),0.0,0.0
5.61_is_gap,BW 5.61 (gap),0.0,0.0
5.61_is_arom,BW 5.61 (aromatic),0.0,0.0
3.51_is_gap,BW 3.51 (gap),0.0,0.0
34.57_is_neg,BW 34.57 (negative),0.0,0.0
3.49_is_gap,BW 3.49 (gap),0.0,0.0
6.32_is_arom,BW 6.32 (aromatic),0.0,0.0
6.37_is_gap,BW 6.37 (gap),0.0,0.0
3.55_is_gap,BW 3.55 (gap),0.0,0.0
3.49_is_hydro,BW 3.49 (hydrophobic),0.0,-1.2876652182569942e-06
34.54_is_neg,BW 34.54 (negative),0.0,-5.4999550440039326e-05
34.55_is_arom,BW 34.55 (aromatic),0.0,-5.8271105417073466e-05
34.56_is_gap,BW 34.56 (gap),0.0,-9.048668413338407e-05
3.55_is_pos,BW 3.55 (positive),0.0,-0.00012168828211846839
5.67_is_arom,BW 5.67 (aromatic),0.0,-0.00013136487163783932
5.65_is_pos,BW 5.65 (positive),0.0,-0.00013193251145587827
5.71_is_arom,BW 5.71 (aromatic),0.0,-0.00018852278235846317
34.55_is_gap,BW 34.55 (gap),0.0,-0.00020363029776869842
34.50_is_arom,BW 34.50 (aromatic),0.0,-0.00021450530885959234
3.54_is_hydro,BW 3.54 (hydrophobic),1.0,-0.00023223494716544221
3.51_is_pos,BW 3.51 (positive),0.0,-0.00032096169592413866
6.32_is_pos,BW 6.32 (positive),1.0,-0.00034804593964643185
5.68_is_arom,BW 5.68 (aromatic),0.0,-0.0004340658651561597
3.49_is_arom,BW 3.49 (aromatic),0.0,-0.0004553768032683712
34.56_is_arom,BW 34.56 (aromatic),0.0,-0.0005066569268242254
3.49_is_pos,BW 3.49 (positive),0.0,-0.0005995705020461208
34.54_is_hydro,BW 34.54 (hydrophobic),1.0,-0.0006557703174134772
34.56_is_hydro,BW 34.56 (hydrophobic),1.0,-0.0006785640698423132
5.68_is_gap,BW 5.68 (gap),0.0,-0.0006950616851347507
34.54_is_gap,BW 34.54 (gap),0.0,-0.0009287499676935087
34.52_is_pos,BW 34.52 (positive),0.0,-0.0009899612558917515
5.68_is_neg,BW 5.68 (negative),0.0,-0.0010112621466940924
8.48_is_gap,BW 8.48 (gap),0.0,-0.0010899877340128968
8.49_is_gap,BW 8.49 (gap),0.0,-0.0011579760200821202
5.71_is_neg,BW 5.71 (negative),0.0,-0.001162455191287531
8.49_is_hydro,BW 8.49 (hydrophobic),0.0,-0.001283746113579632
5.61_is_hydro,BW 5.61 (hydrophobic),1.0,-0.0013288460719518553
5.69_is_neg,BW 5.69 (negative),0.0,-0.0014130932999260985
3.56_is_hydro,BW 3.56 (hydrophobic),0.0,-0.0015349244073629678
6.37_is_hydro,BW 6.37 (hydrophobic),1.0,-0.0016196393586524903
5.65_is_hydro,BW 5.65 (hydrophobic),1.0,-0.0016630977391043661
5.64_is_hydro,BW 5.64 (hydrophobic),1.0,-0.001743580338873963
3.56_is_arom,BW 3.56 (aromatic),0.0,-0.0017578346020050292
34.55_is_hydro,BW 34.55 (hydrophobic),0.0,-0.001773825205111068
8.47_is_gap,BW 8.47 (gap),0.0,-0.0025157404015663403
3.49_is_neg,BW 3.49 (negative),1.0,-0.0032908605545837253
5.64_is_pos,BW 5.64 (positive),0.0,-0.003625915602390544
5.64_is_neg,BW 5.64 (negative),0.0,-0.005263227724276911
6.33_is_hydro,BW 6.33 (hydrophobic),1.0,-0.006637994905681738
8.48_is_pos,BW 8.48 (positive),0.0,-0.006649258361988478
34.53_is_pos,BW 34.53 (positive),0.0,-0.00736404375934866
5.67_is_neg,BW 5.67 (negative),1.0,-0.00892456667923768
34.54_is_arom,BW 34.54 (aromatic),1.0,-0.009616097310442476
3.51_is_arom,BW 3.51 (aromatic),1.0,-0.010246661600721952
34.53_is_hydro,BW 34.53 (hydrophobic),0.0,-0.014679295531041518
8.48_is_hydro,BW 8.48 (hydrophobic),1.0,-0.05450654302277631
